name,vault,leader,tvl,relationship,depositors_in_db,roster,on_tape
Hyperliquidity Provider (HLP),0xdfc24b077bc1425ad1dea75bcb6f8158e10df303,0x677d831aef5328190852e24f13c46cac05f984e7,187642270,parent,-,-,-
HLP Strategy X,0x469f690213c467c39a23efacfd2816896009d7d8,0xdfc24b077bc1425ad1dea75bcb6f8158e10df303,100256792,child,-,-,-
HLP Liquidator 2,0xb0a55f13d22f66e6d495ac98113841b2326e9540,0xdfc24b077bc1425ad1dea75bcb6f8158e10df303,30000000,child,-,-,-
[ Systemic Strategies ] L/S Grids,0x07fd993f0fa3a185f7207adccd29f7a87404689d,0x2b804617c6f63c040377e95bb276811747006f4b,15638051,normal,-,-,-
drkmttr,0xc179e03922afe8fa9533d3f896338b9fb87ce0c8,0xf4f7cebbd2c7b6dee34ab29fa55a116eff25239f,12103448,normal,-,-,-
Growi HF,0x1e37a337ed460039d1b15bd3bc489de789768d5e,0x7789450871fb1315fa982ccb8039cb34e8f2f60d,11591008,normal,-,-,-
[ Systemic Strategies ] ♾️ HyperGrowth ♾️,0xd6e56265890b76413d1d527eb9b75e334c0c5b42,0x2b804617c6f63c040377e95bb276811747006f4b,9310551,normal,-,-,-
DOUBLETOP Vault,0x53f8f390fd4f70941c5d160a964f6893c8dbceff,0xfb9c70230c93856c2429384f875d9a896d33d388,5405566,normal,-,-,-
BredoStrategy,0x654016a8c9fcf0c4cb7ed6078aba21f7f399f7b7,0xf5f569a7006860e6e17c92ba9d5959090acf0336,3399462,normal,-,-,-
HLP Strategy A,0x010461c14e146ac35fe42271bdc1134ee31c703a,0xdfc24b077bc1425ad1dea75bcb6f8158e10df303,3123175,child,-,-,-
HLP Strategy B,0x31ca8395cf837de08b24da3f660e77761dfb974b,0xdfc24b077bc1425ad1dea75bcb6f8158e10df303,3033032,child,-,-,-
Long HYPE & BTC | Short Garbage,0xac26cf5f3c46b5e102048c65b977d2551b72a9c7,0xa380444a9299df2a15bddf949dd493bb6d30d939,2665839,normal,-,-,-
FC Genesis - Quantum,0xa6a34f0bf2ccea9a1ddf9e9a973f17c498dc5e40,0x3d32e286bb737ba348e28823863f02308768cfec,2172757,normal,-,-,-
Bitcoin Moving Average Long/Short,0xb1505ad1a4c7755e0eb236aa2f4327bfc3474768,0x1fa1b4c4cda61b3c1ce805ae82e64a90d8821d08,1972296,normal,-,-,-
Hyperrr,0xca230e816bdb34a46960c2f978a30a563d1ae9e0,0x76184c92c5e17122a496fe1799adc77f4139c96e,1849993,normal,-,-,-
Enjoyooor V3,0x7178cc2d79160d524858c843e350ed8207de0854,0x83046ec02c58df0448e0f4219413c0a16e6d42b9,1838901,normal,-,-,-
Orbit Value Strategies,0x115849ce84370f25cadcf0d348510d73837e1aa5,0xf292b42e6167e0d591449ebd67d2e989a3479edf,1565379,normal,-,-,-
Black Ops,0x49a648936441b22f28f069d3c088928682b277ae,0x970ed103da353023dc6726c04f183b38ce35943c,1342180,normal,-,-,-
Long LINK Short XRP,0x73ce82fb75868af2a687e9889fcf058dd1cf8ce9,0xe2823659be02e0f48a4660e4da008b5e1abfdf29,1279098,normal,-,-,-
AIQuantPulse,0x8231fdf9997c003a267374b45fb25c0455aa1dcb,0xcbdf15e12fc3b8e8fc8bacf577c4d1071cf2b4b3,1201249,normal,-,-,-
Quantitative Market Neutral Strategy,0x14ecb3f4932522b8d508fa6e237e2746a4999feb,0xb6a866e483e5566dfbd7324bc552f11dbed87e7a,1098196,normal,-,-,-
AILAB TEST ULTRA,0x780825f3f0ad6799e304fb843387934c1fa06e70,0x4692441b5a9e26a690eea6d2f36139679add737b,1093882,normal,-,-,-
Ultron,0x45e7014f092c5f9c39482caec131346f13ac5e73,0x8d3f2ecf66c4752fcb6800d892beead654f6c056,1008613,normal,-,-,-
HLP Liquidator 4,0x2ed5c4484ea3ff8b57d5f2fb152a40d9f2b68308,0xdfc24b077bc1425ad1dea75bcb6f8158e10df303,1000000,child,-,-,-
HLP Liquidator 3,0x5e177e5e39c0f4e421f5865a6d8beed8d921cb70,0xdfc24b077bc1425ad1dea75bcb6f8158e10df303,1000000,child,-,-,-
HLP Liquidator,0x2e3d94f0562703b25c83308a05046ddaf9a8dd14,0xdfc24b077bc1425ad1dea75bcb6f8158e10df303,999999,child,-,-,-
Delta_01,0x3005fade4c0df5e1cd187d7062da359416f0eb8e,0x43c63ea7775a4f7ee93fcdd096f4ff92a9fe4054,887873,normal,-,-,-
Hyperliquidity Trader (HLT),0x5a733b25a17dc0f26b862ca9e32b439801b1a8c7,0x0a0b4d654d967a00407f5329588a258b68a4f615,780003,normal,-,-,-
AceVault Hyper01,0x9e02aca9865e1859bb7865f6f64801e804a173df,0x36752718b4f769a6cfd6f552818f5911c8b649da,731533,normal,-,-,-
+convexity,0x5661a070eb13c7c55ac3210b2447d4bea426cbf5,0xc6fd7c7bc701c802cf2e75fa19cacd5e4c55af9c,728825,normal,-,-,-
Citadel,0xda51323fe9800c8365646ad5c7ade0dd17fdc167,0x92d3acdf0484a6a8baf6fe3676b23af7cdbdbc98,720911,normal,-,-,-
Jade Lotus Capital,0xbc5bf88fd012612ba92c5bd96e183955801b7fdc,0x10cd85d0257e666fa74de7c03965a6ec9383e171,708390,normal,-,-,-
Satori Quantum HF Vault,0xbbf7d7a9d0eaeab4115f022a6863450296112422,0xaf69b1587b87c78409e5a20c3fd5f1ca386fd350,641662,normal,-,-,-
Equinox · Blackalgo,0x7048b287889c5913d59f812795d7fd5d724be77a,0x3db735d71673b3d57b34f55013b9b25e2d2dd9cf,589431,normal,-,-,-
Rhova - Market Maker defesa( hedge),0xaf35f2c824972fc8fb9e129fd7d6761797020614,0x79dbea0bf83b09ed912347090e9c2aa0ee5b5fea,564987,normal,-,-,-
Edge & Hedge,0x060d01aa996003b3731a992462d7f0ba68bf3b04,0x42623454883485fc818082df6187f60ec980af8c,538491,normal,-,-,-
Brob,0x7491180d3e43719bd8a53cdfbef27a1527a1d90f,0xc8e006b05694165e5459d5ac297c6857f97d8f23,535215,normal,-,-,-
一三七,0x32b1223d162056db0fb94ab244d1ef821421b95c,0x96a27a8e80a8d9c42a08d033be8ed3e4c4d84cc0,527165,normal,-,-,-
Elsewhere,0x8fc7c0442e582bca195978c5a4fdec2e7c5bb0f7,0xf5d0308ac17a33e666326df43788afaa4100b9eb,504369,normal,-,-,-
Martyrbit,0x27d33e77c8e6335089f56e399bf706ae9ad402b9,0x97ee7d16c1aebdfbfa7a9f983ac5a0ec56e63b2e,500269,normal,-,-,-
Deposit. Forget. Wake up richer,0x253b88ebaa7c321d4803c0cfaf708684e3de32be,0x55086f715ca142b34db9af614611ebd853224582,491549,normal,-,-,-
pmalt,0x4dec0a851849056e259128464ef28ce78afa27f6,0x526178b96c8c5d7a4e4f76f298ec0170aa0d1d2a,475481,normal,-,-,-
Symphony,0x9114a5161f18739ced233190861ea275c8b3a99b,0x3b290def8e0b287a2c8ac0ae1ab31642caecc7e7,362992,normal,-,-,-
reverse mid curver,0x797327122c5ed1b1530e452b7f8723ba834b4c6a,0xbee6b4106fc23d7a39101d7d684ebe26862e56fe,358972,normal,-,-,-
PF1,0xa1b6d8efbcb2fb750a84dbc05649fa4968034f04,0xb5e32ad7740f86346503352c53aabcb154cfa3f9,342339,normal,-,-,-
NEET WORLD ORDER,0x0399976a0e0c504da1c07fedb91c30edfd7e4395,0xbd9c944dcfb31cd24c81ebf1c974d950f44e42b8,327103,normal,-,-,-
BTC/ETH CTA | AIM,0xbeebbbe817a69d60dd62e0a942032bc5414dae1c,0x9660f151ffe595afc65e64d38a55285ed8fd2021,326687,normal,-,-,-
FKA - FK Capital Alpha Fund,0x4a01f1097a03495ac0054a845c991d9749f81a00,0xfd13e2cb66d9e06a645f371a8931a62877ef4831,298272,normal,-,-,-
Value token strategy,0x36dc8d4188c57008b7ddbc21662ef28a88a9c684,0x349bd094209d50280dfaca12779576c748395c15,274671,normal,-,-,-
BULBUL2DAO,0x65aee08c9235025355ac6c5ad020fb167ecef4fe,0xf230daae38627c46367334a7494dc37861b4d3ef,271942,normal,-,-,-
69 Jump Street,0xa844d7ac9fa3424c4fd38a25baa23e460ec3e802,0x84803dc3df988d5493d9be2ee75e36f0043ee272,241639,normal,-,-,-
LowRiskCryptoGainer,0xd57c9295947b5a616a3933344ef03a1ad67318ea,0xffc8abcd5170b6c106695c8a4a795596b3015542,222560,normal,-,-,-
RedCoast,0x8fafc23611d59310b957162b8479f354c5a0eb4d,0x67ecb94f32c61ae197fa6915276c723a89bf3ac3,219527,normal,-,-,-
JizzJazz,0x82eba5dc675279cb5967952f0c4b5184505eb17c,0xe45e4fc1dbd8ab1c554c8a2bd7fa752d1e53bb35,209138,normal,-,-,-
Winwin,0xa7f152a5f79bb5483c079610203d8fc03fd77c8e,0x49c5bc60d1748296be96d5a2e9ad161bf586812e,208072,normal,-,-,-
God Why Vault 2,0x877f3228225df1c9390d85b6e8572b8b4478e1b2,0x2f33cf0e0a4d65b19c2f97c186832d33c0090824,203001,normal,-,-,-
22Cap,0xba939edf38c0ae0cc689c98b492e0535f43e4550,0xa7fd61557cd0a61073566766839d5f851a8e92ef,201292,normal,-,-,-
Stratwise Multi-Asset Public,0x0ff219ac20596b457558341bc410bc7a08a1394c,0xed6bf35cba1f5e2edfd2955505904dbd605ab121,188559,normal,-,-,-
Abs Return Sophon Quant,0x35d92bd6571d0bdc5413250b28692e6be905d67b,0x1934aa5aeea8c6f5ef7e91d597b26d65cdcbf237,185706,normal,-,-,-
Jay Pennies to Jay Dollars,0x3b4f22366857da94f9346f88eac84718c8a8d48d,0x20a510e57a5d17fd0a07d4d7435db2854ea5ced0,176915,normal,-,-,-
alpha-032,0x7d97f7cb48ecc966d75a746b811ca93f1fd6e7ef,0x11eaed910eefa22056ef5d2aefb0d632cc0f6906,170326,normal,-,-,-
"FuturAI Labs - High Sharpe, Low Volatility",0xb65dd7c56afbf3b272ab5fc49be44b47dca18003,0x92f33bee92dd86db292e3bc8500ffc5619d50430,168361,normal,-,-,-
Pulse@Evo-α,0x22a60014185f1486afb045219f76e4007fb71e4e,0x12b37ace7d1145cdc367347c9f8470eaeb35bdf7,159212,normal,-,-,-
Tera Liquid,0x15a141990fc6591838646467273c41c92999772f,0x8803d442d3b15908f9838924a2b196e32cd6ae8e,157396,normal,-,-,-
Realist Capital,0x77fee2df7bad4f1db93052fa82bf78eaab771a16,0x288ed4efc8fbd1e42a06fe083ea942d20c90b336,156396,normal,-,-,-
CVTB,0x65c6b7f0e9a6f72b351ca133e510a2329d047dbe,0x8382655426c1fe72709a7ad028b1547130ed8007,156367,normal,-,-,-
Cold Process,0xc3b1bf1f1e6fb8161ef4dc2f34e2c56f70b94b11,0xfca598f25c38f1836daf58104e4255d786b1c53d,150504,normal,-,-,-
Overdose,0xe67dbf2d051106b42104c1a6631af5e5a458b682,0xdeb7582b362a752970fbd2507d0fb5dd27ed379a,149895,normal,-,-,-
Crypto Trading Channel,0x51b62b4bf8df6f2795b3da30cb46aa47f9f230a8,0x8c8290ebf5d157b236948b9f66d09d426503f198,149321,normal,-,-,-
Akka Hyper AI,0x0e008684ae576f280c5426a89d3f5e1da1fc7398,0x190c5972c541afdcbc43616c091abd18cde8c1ef,148568,normal,-,-,-
Wonderland,0x9a88dd4eacc3aa561c4f50ec66bcede831bec813,0x228ed7bff391e92ba3ddcbcda8db7a0134ef2587,147626,normal,-,-,-
HyperTwin - Growi HF 2x,0x15be61aef0ea4e4dc93c79b668f26b3f1be75a66,0x98bb9ef6b6bf918ce301be1e3fa14407b1d949a2,146971,normal,-,-,-
KARAVELA VAULTS,0x8825e6ed11c7f9c0874579c9f4bba192b9e81c8f,0x0483797d914cf3a104b16a4c277c8f43fe484008,140672,normal,-,-,-
Cryptoaddcited,0x5108cd0a328ed28c277f958761fe1cda60c21aa8,0x6a4590697be32f65757d1fd480716a73961404fd,131439,normal,-,-,-
korea wins again,0x8b82d6e0b60e8a8cda97afcdf1aaae569e3747b8,0xd4ed6f78ee9540aa95a41939cf346830165bb75b,123617,normal,-,-,-
Sentiment Edge,0xb7e7d0fdeff5473ed6ef8d3a762d096a040dbb18,0x3b290def8e0b287a2c8ac0ae1ab31642caecc7e7,112798,normal,-,-,-
Goon Edging,0x2431edfcb662e6ff6deab113cc91878a0b53fb0f,0x90b88a8df1ad60f87b30032482b9907b89637c96,109715,normal,-,-,-
Aquila Chrysaetos,0x50e2fe552727a4b8692c192b4f96d1a6b0d44394,0x58206237b3fcfcbb4c9b60317cf652a29089f224,105494,normal,-,-,-
long long long,0xc2d221a27eb58f5879d0400ccec8956a01634fab,0xadf118d8044becb92b2689f3fb825e53195bec12,100050,normal,-,-,-
